name,category,description,image_url
# --- 基础常见食材 ---
番茄,vegetable,多汁饱满，酸甜可口，富含维生素C，适合炒、炖、生食。,https://via.placeholder.com/150/FF0000/FFFFFF?Text=Tomato
鸡蛋,egg,营养丰富的优质蛋白质来源，烹饪方式多样，煎炒蒸煮皆宜。,https://via.placeholder.com/150/FFFF00/000000?Text=Egg
鸡胸肉,poultry,低脂高蛋白的禽肉选择，肉质细嫩，适合健身人士和多种烹饪。,https://via.placeholder.com/150/FFA500/FFFFFF?Text=ChickenBreast
西兰花,vegetable,富含纤维和维生素的绿色蔬菜，口感爽脆，焯水或清炒均佳。,https://via.placeholder.com/150/008000/FFFFFF?Text=Broccoli
大米,grain,亚洲餐桌主食，提供碳水化合物能量，蒸煮后米香四溢。,https://via.placeholder.com/150/F5F5DC/000000?Text=Rice
三文鱼,seafood,富含Omega-3的深海鱼，肉质鲜美橙红，适合刺身、香煎或烤制。,https://via.placeholder.com/150/FA8072/FFFFFF?Text=Salmon
牛奶,dairy,钙质和蛋白质的良好来源，可直接饮用或用于制作甜点饮品。,https://via.placeholder.com/150/FFFFFF/000000?Text=Milk
苹果,fruit,清脆爽口，富含膳食纤维和多种维生素，生食或榨汁皆宜。,https://via.placeholder.com/150/FF0000/FFFFFF?Text=Apple
牛肉,meat,优质红肉，富含铁质和蛋白质，适合炖煮、煎炒、烧烤等多种做法。,https://via.placeholder.com/150/A52A2A/FFFFFF?Text=Beef
洋葱,vegetable,带有微辣刺激性风味，是许多菜肴的基础调味蔬菜，生熟皆可。,https://via.placeholder.com/150/D2B48C/000000?Text=BrownOnion
大蒜,herb,辛辣味浓，常作调料去腥增香，具有一定的杀菌作用。(从 vegetable 移到 herb 更合适),https://via.placeholder.com/150/F5F5F5/000000?Text=Garlic
生姜,spice,性温味辛，是厨房中常用的调味品，能去腥暖胃，用途广泛。,https://via.placeholder.com/150/D2B48C/FFFFFF?Text=Ginger
酱油,spice,中式烹饪常用调味料，赋予食物咸鲜风味和红亮色泽。,https://via.placeholder.com/150/8B4513/FFFFFF?Text=SoySauce
食盐,spice,烹饪中不可或缺的基础调味料，调节菜肴咸淡，激发食材本味。,https://via.placeholder.com/150/FFFFFF/000000?Text=Salt
白砂糖,spice,提供甜味的晶体糖，用于调味、烘焙和制作甜点饮料。,https://via.placeholder.com/150/FFFFFF/000000?Text=Sugar
橄榄油,oil,富含单不饱和脂肪酸的健康植物油，适合凉拌、低温烹炒。,https://via.placeholder.com/150/808000/FFFFFF?Text=OliveOil
面粉,grain,由小麦磨制而成，是制作面食、糕点、面包等的基础原料。,https://via.placeholder.com/150/F5DEB3/000000?Text=Flour
香菜,herb,气味浓郁独特，常用于菜肴的点缀和提香，有人喜爱有人不适。,https://via.placeholder.com/150/228B22/FFFFFF?Text=Cilantro
柠檬,fruit,酸味清新，富含维生素C，可榨汁、调味、制作饮品或腌料。,https://via.placeholder.com/150/FFFACD/000000?Text=Lemon
土豆,vegetable,淀粉含量高，口感多样，可作主食或配菜，煎炒烹炸炖皆可。,https://via.placeholder.com/150/DEB887/000000?Text=Potato
胡萝卜,vegetable,富含β-胡萝卜素，颜色鲜艳，略带甜味，生熟食均可。,https://via.placeholder.com/150/FFA500/FFFFFF?Text=Carrot
豆腐,other,豆制品，蛋白质含量高，口感软嫩，有多种形态和烹饪方式。,https://via.placeholder.com/150/F0E68C/000000?Text=Tofu
猪肉,meat,常见的畜肉之一，部位不同风味各异，烹饪方法多样。,https://via.placeholder.com/150/FFC0CB/000000?Text=Pork
虾,seafood,肉质鲜美Q弹，富含蛋白质，适合清蒸、白灼、油爆等。,https://via.placeholder.com/150/FF7F50/FFFFFF?Text=Shrimp
酸奶,dairy,牛奶发酵而成，含有益生菌，口感酸甜，有助于消化。,https://via.placeholder.com/150/F0FFFF/000000?Text=Yogurt
香蕉,fruit,软糯香甜，富含钾元素，方便携带和食用，能量补充佳品。,https://via.placeholder.com/150/FFFFE0/000000?Text=Banana
玉米,grain,粗粮的一种，口感甜糯，富含膳食纤维，可煮、烤或加工成制品。,https://via.placeholder.com/150/FFD700/000000?Text=Corn
黑胡椒,spice,带有辛辣和芳香气味，常用于西餐调味，腌制肉类或撒在成品上。,https://via.placeholder.com/150/000000/FFFFFF?Text=BlackPepper
罗勒,herb,也称九层塔，香气浓郁，常用于西餐、泰式料理，提升风味层次。,https://via.placeholder.com/150/3CB371/FFFFFF?Text=Basil
花生油,oil,由花生压榨而成，香味浓郁，适合中式爆炒等高温烹饪。,https://via.placeholder.com/150/F4A460/FFFFFF?Text=PeanutOil
# --- 蔬菜类 (Vegetable) ---
菠菜,vegetable,深绿色叶菜，富含铁质和多种维生素，适合清炒、做汤或凉拌。,https://via.placeholder.com/150/2E8B57/FFFFFF?Text=Spinach
生菜,vegetable,口感清脆爽口，常用于制作沙拉、三明治或包裹烤肉生食。,https://via.placeholder.com/150/90EE90/000000?Text=Lettuce
黄瓜,vegetable,水分充足，口感清爽，夏季消暑佳品，可生食、凉拌或清炒。,https://via.placeholder.com/150/32CD32/FFFFFF?Text=Cucumber
茄子,vegetable,紫色蔬菜，肉质松软，吸油性强，适合烧、烤、炸等多种烹饪。,https://via.placeholder.com/150/8A2BE2/FFFFFF?Text=Eggplant
青椒,vegetable,带有微辣的清香，富含维生素C，常用于炒菜或作为配菜。,https://via.placeholder.com/150/008000/FFFFFF?Text=GreenPepper
红椒,vegetable,颜色鲜艳，口感比青椒略甜，维生素含量高，适合炒食或生食。,https://via.placeholder.com/150/FF0000/FFFFFF?Text=RedPepper
冬瓜,vegetable,水分含量高，热量低，口感清淡，适合炖汤、红烧或清炒。,https://via.placeholder.com/150/ADD8E6/000000?Text=WinterMelon
南瓜,vegetable,橙黄色，口感甜糯，富含胡萝卜素，可蒸、煮、烤或制作甜点。,https://via.placeholder.com/150/FFA500/FFFFFF?Text=Pumpkin
苦瓜,vegetable,味苦性凉，具有清热解毒功效，可炒食、凉拌或榨汁。,https://via.placeholder.com/150/3CB371/FFFFFF?Text=BitterGourd
山药,vegetable,根茎类蔬菜，口感黏滑或爽脆，健脾益胃，适合煲汤、清炒。,https://via.placeholder.com/150/F5F5DC/000000?Text=Yam
莲藕,vegetable,水生蔬菜，生食爽脆，熟食粉糯，富含淀粉和纤维，可炒、炖、凉拌。,https://via.placeholder.com/150/FFC0CB/000000?Text=LotusRoot
芹菜,vegetable,香味独特，富含纤维，有助于降血压，可炒食、凉拌或榨汁。,https://via.placeholder.com/150/98FB98/000000?Text=Celery
韭菜,herb,气味浓郁，具有温补作用，常用于炒鸡蛋、做馅料或烧烤。(从 vegetable 移到 herb),https://via.placeholder.com/150/32CD32/FFFFFF?Text=Chives
大白菜,vegetable,冬季常见蔬菜，口感清甜，做法多样，炒、炖、腌制均可。,https://via.placeholder.com/150/F0FFF0/000000?Text=ChineseCabbage
紫甘蓝,vegetable,颜色鲜艳的紫色蔬菜，富含花青素，适合制作沙拉或凉拌。,https://via.placeholder.com/150/800080/FFFFFF?Text=RedCabbage
娃娃菜,vegetable,小型大白菜，口感更细嫩甘甜，适合涮火锅、清炒或上汤。,https://via.placeholder.com/150/FFFFE0/000000?Text=BabyCabbage
西葫芦,vegetable,也称美洲南瓜，口感清淡，适合炒食、做馅或制作面点。,https://via.placeholder.com/150/9ACD32/FFFFFF?Text=Zucchini
蒜薹,herb,大蒜的花茎，带有蒜香，口感爽脆，适合炒肉或单独清炒。(从 vegetable 移到 herb),https://via.placeholder.com/150/6B8E23/FFFFFF?Text=GarlicSprouts
空心菜,vegetable,茎部中空，叶片嫩滑，夏季常见绿叶菜，适合蒜蓉或腐乳清炒。,https://via.placeholder.com/150/00FF7F/FFFFFF?Text=WaterSpinach
芥兰,vegetable,口感爽脆微苦，是粤菜中常用的高档蔬菜，白灼或清炒皆宜。,https://via.placeholder.com/150/2E8B57/FFFFFF?Text=ChineseKale
油麦菜,vegetable,叶片细长，口感略苦回甘，富含维生素，适合蒜蓉清炒或麻酱凉拌。,https://via.placeholder.com/150/ADFF2F/000000?Text=IndianLettuce
莴笋,vegetable,茎部清脆爽口，叶片也可食用，可凉拌、清炒或腌制。,https://via.placeholder.com/150/98FB98/000000?Text=AsparagusLettuce
竹笋,vegetable,鲜嫩爽脆，有多种类型（春笋、冬笋等），适合炒、炖、焖。,https://via.placeholder.com/150/F5DEB3/000000?Text=BambooShoot
秋葵,vegetable,带有黏液，口感独特，富含多种营养，可焯水凉拌或炒食。,https://via.placeholder.com/150/90EE90/000000?Text=Okra
荷兰豆,vegetable,豆荚扁平，口感清甜爽脆，适合清炒或作为配菜。,https://via.placeholder.com/150/8FBC8F/FFFFFF?Text=SnowPea
四季豆,legume,也称芸豆，需彻底煮熟食用，口感脆嫩，适合干煸或炒肉。(从 vegetable 移到 legume),https://via.placeholder.com/150/228B22/FFFFFF?Text=GreenBean
苋菜,vegetable,富含铁质和维生素，叶片嫩滑，常用于上汤或清炒。,https://via.placeholder.com/150/90EE90/000000?Text=Amaranth
菜心,vegetable,粤菜常用绿叶蔬菜，口感爽甜，适合白灼、清炒或制作蚝油菜心。,https://via.placeholder.com/150/3CB371/FFFFFF?Text=ChoySum
西兰苔,vegetable,西兰花与芥兰的杂交品种，口感结合两者特点，清炒或蒜蓉均可。,https://via.placeholder.com/150/2E8B57/FFFFFF?Text=Broccolini
红薯叶,vegetable,红薯的嫩叶，富含维生素和纤维，口感滑嫩，适合蒜蓉清炒。,https://via.placeholder.com/150/ADFF2F/000000?Text=SweetPotatoLeaves
佛手瓜,vegetable,瓜果类蔬菜，口感清脆，可炒食、凉拌或做汤。,https://via.placeholder.com/150/98FB98/000000?Text=Chayote
茭白,vegetable,水生蔬菜，肉质洁白细嫩，带有清甜味，适合炒、烧或油焖。,https://via.placeholder.com/150/F5F5DC/000000?Text=WaterBamboo
慈菇,vegetable,球茎类水生蔬菜，略带苦味，常用于红烧或与肉类同煮。,https://via.placeholder.com/150/D2B48C/000000?Text=Arrowhead
# --- 肉类 (Meat) ---
五花肉,meat,肥瘦相间的猪肉部位，口感丰富，适合红烧、回锅、烤制等。,https://via.placeholder.com/150/D2691E/FFFFFF?Text=PorkBelly
里脊肉,meat,猪或牛身上最嫩的肉，脂肪含量低，适合快炒、煎炸或制作肉排。,https://via.placeholder.com/150/FFDAB9/000000?Text=Tenderloin
排骨,meat,猪、牛、羊的肋骨部位，肉质鲜美，适合炖汤、红烧、糖醋或烤制。,https://via.placeholder.com/150/CD853F/FFFFFF?Text=Ribs
猪蹄,meat,富含胶原蛋白，口感软糯Q弹，适合卤制、红烧或煲汤。,https://via.placeholder.com/150/DEB887/000000?Text=PorkFeet
肥牛,meat,切成薄片的牛肉，常用于火锅、烧烤或日式牛肉饭。,https://via.placeholder.com/150/B22222/FFFFFF?Text=BeefSlices
牛腩,meat,牛腹部及靠近牛肋处的松软肌肉，带有筋、肉、油花，适合炖煮。,https://via.placeholder.com/150/8B0000/FFFFFF?Text=BeefBrisket
牛腱子,meat,牛腿部肌肉，筋肉相间，有嚼劲，适合卤制、酱制或炖煮。,https://via.placeholder.com/150/A0522D/FFFFFF?Text=BeefShank
羊肉,meat,带有特殊膻味，性温补，适合涮火锅、烤羊肉串、炖煮等。,https://via.placeholder.com/150/F0E68C/000000?Text=Lamb
羊排,meat,羊的肋骨部位，肉质鲜嫩，适合香煎、烤制或法式做法。,https://via.placeholder.com/150/D2B48C/000000?Text=LambChops
腊肉,meat,腌制风干的猪肉，风味独特咸香，适合蒸、炒或作为配料。,https://via.placeholder.com/150/A52A2A/FFFFFF?Text=CuredPork
香肠,meat,将肉末灌入肠衣制成的加工肉制品，种类繁多，可煎、烤、炒。,https://via.placeholder.com/150/FF6347/FFFFFF?Text=Sausage
培根,meat,烟熏猪肉薄片，西式早餐常见，也可用于炒菜或制作披萨。,https://via.placeholder.com/150/FFA07A/FFFFFF?Text=Bacon
兔肉,meat,低脂肪高蛋白肉类，肉质细嫩，适合炖煮、红烧或冷吃。,https://via.placeholder.com/150/DCDCDC/000000?Text=RabbitMeat
鹿肉,meat,野味之一，脂肪含量低，肉质精瘦，风味独特，适合炖煮或烤制。,https://via.placeholder.com/150/8B4513/FFFFFF?Text=Venison
驴肉,meat,民间有“天上龙肉，地上驴肉”之说，肉质细嫩，常用于酱制或制作火烧。,https://via.placeholder.com/150/A0522D/FFFFFF?Text=DonkeyMeat
狗肉,meat,某些地区食用的肉类，性温，冬季食用较多，做法多样。(Note: Controversial),https://via.placeholder.com/150/696969/FFFFFF?Text=DogMeat
# --- 禽类 (Poultry) ---
鸡腿,poultry,鸡的腿部，肉质滑嫩，带皮带骨，适合烤、炸、卤、炖等。,https://via.placeholder.com/150/FFD700/000000?Text=ChickenLeg
鸡翅,poultry,鸡的翅膀，皮多肉嫩，胶质丰富，适合烤、炸、红烧（可乐鸡翅）。,https://via.placeholder.com/150/FFA500/FFFFFF?Text=ChickenWing
乌鸡,poultry,皮肉骨均为黑色，营养价值高，常用于煲汤滋补。,https://via.placeholder.com/150/000000/FFFFFF?Text=BlackChicken
鸭肉,poultry,肉质较粗，带有特殊风味，适合烤（北京烤鸭）、卤、炖汤。,https://via.placeholder.com/150/87CEEB/000000?Text=Duck
鸭胗,poultry,鸭的胃，口感脆韧，适合卤制、爆炒或制作凉菜。,https://via.placeholder.com/150/B0C4DE/000000?Text=DuckGizzard
鹅肉,poultry,肉质比鸭肉更紧实，脂肪含量较高，适合烧腊、卤制或炖煮。,https://via.placeholder.com/150/D3D3D3/000000?Text=Goose
鸽子肉,poultry,肉质细嫩鲜美，营养丰富，常用于煲汤或烤乳鸽。,https://via.placeholder.com/150/C0C0C0/000000?Text=Pigeon
鹌鹑蛋,egg,小巧的蛋类，营养价值与鸡蛋相似，常用于火锅、卤制或装饰。(从 poultry 移到 egg),https://via.placeholder.com/150/FAFAD2/000000?Text=QuailEgg
# --- 海鲜类 (Seafood) ---
鳕鱼,seafood,肉质雪白细嫩，刺少，适合香煎、烤制或制作鱼排。,https://via.placeholder.com/150/F8F8FF/000000?Text=Cod
带鱼,seafood,体型扁长，银白色，肉质鲜美，常用于红烧、干煎或油炸。,https://via.placeholder.com/150/C0C0C0/000000?Text=Hairtail
黄花鱼,seafood,肉质细嫩呈蒜瓣状，味道鲜美，适合清蒸、红烧或香煎。,https://via.placeholder.com/150/FFD700/000000?Text=YellowCroaker
鲈鱼,seafood,肉质鲜嫩，刺少，是常见的淡水或海水鱼，清蒸最为经典。,https://via.placeholder.com/150/ADD8E6/000000?Text=SeaBass
鲳鱼,seafood,体扁，肉厚刺少，味道鲜美，适合清蒸、红烧或香煎。,https://via.placeholder.com/150/B0E0E6/000000?Text=Pomfret
鱿鱼,seafood,也称枪乌贼，口感Q弹有嚼劲，适合爆炒、烧烤或制作鱿鱼圈。,https://via.placeholder.com/150/FFE4E1/000000?Text=Squid
墨鱼,seafood,也称乌贼，肉质厚实Q弹，富含墨汁，适合炒、炖或制作墨鱼丸。,https://via.placeholder.com/150/A9A9A9/FFFFFF?Text=Cuttlefish
章鱼,seafood,也称八爪鱼，口感脆爽Q弹，适合白灼、爆炒、烧烤或制作刺身。,https://via.placeholder.com/150/FF7F50/FFFFFF?Text=Octopus
螃蟹,seafood,甲壳类动物，肉质鲜美，蟹黄/蟹膏丰腴，清蒸最为常见。,https://via.placeholder.com/150/FF4500/FFFFFF?Text=Crab
小龙虾,seafood,淡水螯虾，夏季热门美食，麻辣、蒜蓉等口味多样。,https://via.placeholder.com/150/DC143C/FFFFFF?Text=Crayfish
扇贝,seafood,贝类海鲜，肉质鲜甜，适合蒜蓉粉丝蒸、烤制或制作刺身。,https://via.placeholder.com/150/FFF5EE/000000?Text=Scallop
生蚝,seafood,也称牡蛎，肉质肥美，富含锌，可生食、碳烤或蒜蓉蒸。,https://via.placeholder.com/150/DCDCDC/000000?Text=Oyster
蛤蜊,seafood,小型贝类，肉质鲜嫩，常用于炒、煮汤或制作海鲜意面。,https://via.placeholder.com/150/F5FFFA/000000?Text=Clam
蛏子,seafood,长条形贝类，肉质鲜美，适合葱油、辣炒或制作烧烤。,https://via.placeholder.com/150/FFEBCD/000000?Text=RazorClam
海带,seafood,藻类食材，富含碘和多种矿物质，可凉拌、炖汤或制作海带丝。,https://via.placeholder.com/150/006400/FFFFFF?Text=Kelp
紫菜,seafood,薄片状藻类，常用于制作寿司、紫菜蛋花汤或作为零食。,https://via.placeholder.com/150/4B0082/FFFFFF?Text=Nori
鲍鱼,seafood,名贵海产，肉质细嫩Q弹，营养丰富，常用于高档菜肴。,https://via.placeholder.com/150/F0E68C/000000?Text=Abalone
海参,seafood,名贵滋补品，富含胶原蛋白，口感软糯或爽滑，多用于炖汤或红烧。,https://via.placeholder.com/150/2F4F4F/FFFFFF?Text=SeaCucumber
鱼翅,seafood,鲨鱼鳍中的软骨，传统名贵食材，口感主要来自汤汁。(Note: Controversial, sustainability issues),https://via.placeholder.com/150/FAFAD2/000000?Text=SharkFin
海蜇,seafood,水母的可食用部分，口感爽脆，常用于凉拌。,https://via.placeholder.com/150/ADD8E6/000000?Text=Jellyfish
田螺,seafood,淡水螺类，肉质鲜美，常用于辣炒或制作螺蛳粉的汤底。,https://via.placeholder.com/150/8FBC8F/FFFFFF?Text=RiverSnail
淡菜,seafood,也称贻贝、青口，贝类海鲜，肉质鲜美，可煮、烤或制作海鲜饭。,https://via.placeholder.com/150/4682B4/FFFFFF?Text=Mussel
多宝鱼,seafood,比目鱼的一种，肉质细嫩，刺少，适合清蒸。,https://via.placeholder.com/150/B0C4DE/000000?Text=Turbot
鳗鱼,seafood,肉质肥美细嫩，富含脂肪，常用于制作蒲烧鳗鱼饭或烤鳗鱼。,https://via.placeholder.com/150/778899/FFFFFF?Text=Eel
基围虾,seafood,常见的养殖虾类，肉质鲜甜，适合白灼、油焖或椒盐。,https://via.placeholder.com/150/FFB6C1/000000?Text=PenaeusVannamei
皮皮虾,seafood,也称螳螂虾，甲壳硬，肉质鲜美，椒盐或白灼常见。,https://via.placeholder.com/150/FFA07A/FFFFFF?Text=MantisShrimp
# --- 蛋类 (Egg) ---
鸭蛋,egg,鸭子产的蛋，比鸡蛋大，蛋黄比例高，常用于制作咸鸭蛋、皮蛋。,https://via.placeholder.com/150/F0E68C/000000?Text=DuckEgg
皮蛋,egg,经过特殊工艺腌制的鸭蛋，蛋黄呈墨绿色，口感独特，常用于凉拌或煮粥。,https://via.placeholder.com/150/2F4F4F/FFFFFF?Text=CenturyEgg
咸鸭蛋,egg,用盐腌制的鸭蛋，蛋黄流油，咸香味浓，常用于佐餐或制作月饼。,https://via.placeholder.com/150/D2B48C/000000?Text=SaltedDuckEgg
鹅蛋,egg,鹅产的蛋，体积较大，营养丰富，适合煮食或用于烘焙。,https://via.placeholder.com/150/FFFFFF/000000?Text=GooseEgg
鸡蛋液,egg,打散的鸡蛋，方便快速使用，用于烘焙、煎蛋或裹面糊。,https://via.placeholder.com/150/FFFACD/000000?Text=LiquidEgg
蛋清,egg,鸡蛋的白色部分，富含蛋白质，低脂，常用于制作蛋白霜、蒸蛋。,https://via.placeholder.com/150/F0F8FF/000000?Text=EggWhite
蛋黄,egg,鸡蛋的黄色部分，富含脂肪和维生素，味道浓郁，用于制作酱料、布丁或烘焙。,https://via.placeholder.com/150/FFD700/000000?Text=EggYolk
# --- 乳制品 (Dairy) ---
黄油,dairy,从牛奶中提取的脂肪，固态或半固态，用于烘焙、煎炸或涂抹面包。,https://via.placeholder.com/150/FFFFE0/000000?Text=Butter
奶酪,dairy,也称芝士，牛奶发酵制品，种类繁多，风味各异，用于制作菜肴或直接食用。,https://via.placeholder.com/150/FFDEAD/000000?Text=Cheese
淡奶油,dairy,液态乳制品，脂肪含量较高，用于制作甜点、咖啡或浓汤。,https://via.placeholder.com/150/FFF0F5/000000?Text=Cream
炼乳,dairy,浓缩加糖的牛奶，非常甜，常用于制作甜点或搭配水果。,https://via.placeholder.com/150/FFFAF0/000000?Text=CondensedMilk
奶油奶酪,dairy,一种质地柔软、味道微酸的新鲜奶酪，常用于制作芝士蛋糕、涂抹面包。,https://via.placeholder.com/150/F5F5DC/000000?Text=CreamCheese
马苏里拉奶酪,dairy,一种可拉丝的意大利奶酪，常用于披萨、焗饭。,https://via.placeholder.com/150/FFFFFF/000000?Text=MozzarellaCheese
切达奶酪,dairy,常见的硬质奶酪，颜色黄色到橙色，风味浓郁，可切片、磨碎或入馔。,https://via.placeholder.com/150/FFA500/FFFFFF?Text=CheddarCheese
帕玛森奶酪,dairy,硬质、颗粒状的意大利奶酪，风味强烈，常磨碎撒在意面、沙拉上。,https://via.placeholder.com/150/F0E68C/000000?Text=ParmesanCheese
希腊酸奶,dairy,一种过滤掉部分乳清的酸奶，质地更浓稠，蛋白质含量更高。,https://via.placeholder.com/150/F0FFFF/000000?Text=GreekYogurt
奶油,dairy,广义上指牛奶或奶油制品，如鲜奶油、打发奶油等。,https://via.placeholder.com/150/FFFACD/000000?Text=Cream (Note: Check for overlap with淡奶油)
# --- 菌菇 (Mushroom) ---
蘑菇,mushroom,菌类食材，种类繁多，口感鲜美，富含蛋白质和氨基酸。,https://via.placeholder.com/150/D2B48C/000000?Text=Mushroom
金针菇,mushroom,细长白色菌菇，口感爽滑，常用于火锅、炒菜或凉拌。,https://via.placeholder.com/150/FFF8DC/000000?Text=EnokiMushroom
香菇,mushroom,香味浓郁的干制或新鲜菌菇，提升菜肴风味，适合炖汤、炒菜。,https://via.placeholder.com/150/8B4513/FFFFFF?Text=Shiitake
木耳,mushroom,菌类干制品，需泡发食用，口感爽脆，常用于炒菜、凉拌或汤羹。,https://via.placeholder.com/150/696969/FFFFFF?Text=WoodEar
银耳,mushroom,也称白木耳，菌类干制品，富含胶质，常用于制作甜羹或凉拌。,https://via.placeholder.com/150/FAF0E6/000000?Text=Tremella
平菇,mushroom,常见的食用菌，口感柔软，适合炒菜、做汤或烧烤。,https://via.placeholder.com/150/C0C0C0/000000?Text=OysterMushroom
杏鲍菇,mushroom,菌柄粗壮，口感厚实有嚼劲，有杏仁香味，适合煎、炒、烤。,https://via.placeholder.com/150/D2B48C/000000?Text=KingOysterMushroom
蟹味菇,mushroom,白色或褐色，成簇生长，味道鲜美，口感脆滑，适合炒菜、汤。,https://via.placeholder.com/150/E0FFFF/000000?Text=BeechMushroom
白玉菇,mushroom,白色光滑，质地细嫩，口感清淡，适合清炒或搭配其他食材。,https://via.placeholder.com/150/F5F5F5/000000?Text=WhiteBeechMushroom
秀珍菇,mushroom,小巧可爱，口感滑嫩，适合快炒或做汤。,https://via.placeholder.com/150/ADD8E6/000000?Text=PhoenixTailMushroom
草菇,mushroom,生长速度快，口感脆嫩，常用于中餐炒菜、焖煮。,https://via.placeholder.com/150/FFB6C1/000000?Text=StrawMushroom
滑子菇,mushroom,表面有粘液，口感滑润，适合做汤或凉拌。,https://via.placeholder.com/150/DAA520/FFFFFF?Text=NamekoMushroom
松茸,mushroom,珍贵野生菌，香气浓郁，口感脆嫩，适合清蒸、烤制或炖汤。,https://via.placeholder.com/150/CD853F/FFFFFF?Text=Matsutake
牛肝菌,mushroom,多种类野生菌，肉质肥厚，味道鲜美，适合炒、炖或制作干片。,https://via.placeholder.com/150/A0522D/FFFFFF?Text=Boletus
# --- 豆类 (Legume) ---
毛豆,legume,未成熟的大豆，口感鲜嫩，富含蛋白质，可盐水煮或炒食。,https://via.placeholder.com/150/3CB371/FFFFFF?Text=Edamame
四季豆,legume,也称芸豆，需彻底煮熟食用，口感脆嫩，适合干煸或炒肉。,https://via.placeholder.com/150/228B22/FFFFFF?Text=GreenBean
黄豆,legume,大豆，可制成豆腐、豆浆、豆皮等豆制品，也可发酵成豆豉、酱油。,https://via.placeholder.com/150/F0E68C/000000?Text=Soybean
绿豆,legume,常见豆类，有清热解暑功效，常用于煮粥、做汤或制作绿豆沙。,https://via.placeholder.com/150/ADFF2F/000000?Text=MungBean
红豆,legume,也称赤豆，常用于制作豆沙馅、蜜红豆或煮粥、糖水。,https://via.placeholder.com/150/B22222/FFFFFF?Text=RedBean
豌豆,legume,小圆颗粒，口感清甜，可生食嫩豌豆或炒食、煮汤。,https://via.placeholder.com/150/90EE90/000000?Text=Pea
蚕豆,legume,豆粒较大，口感面软，可煮食、炒食或油炸。,https://via.placeholder.com/150/98FB98/000000?Text=BroadBean
扁豆,legume,豆荚扁平，口感脆嫩，适合炒食或炖煮。,https://via.placeholder.com/150/7CFC00/FFFFFF?Text=FlatBean
鹰嘴豆,legume,形状像鹰嘴，口感粉糯，富含蛋白质和纤维，常用于制作中东菜鹰嘴豆泥或沙拉。,https://via.placeholder.com/150/F5F5DC/000000?Text=Chickpea
小扁豆,legume,颗粒小，无需浸泡易煮烂，颜色多样，常用于煮汤或炖菜。,https://via.placeholder.com/150/CD853F/FFFFFF?Text=Lentil
豆腐干,legume,豆腐经过压制、烘干或熏制而成，口感更紧实有嚼劲，适合炒、卤或凉拌。,https://via.placeholder.com/150/D2B48C/000000?Text=DriedTofu
腐竹,legume,豆浆煮沸后表面凝结的薄膜晾干而成，口感独特，适合炖汤、凉拌或红烧。,https://via.placeholder.com/150/F0E68C/000000?Text=DriedBeancurdStick
豆皮,legume,豆浆煮沸后表面结皮而成，薄而软韧，适合凉拌、涮火锅或炒菜。,https://via.placeholder.com/150/FFDEAD/000000?Text=TofuSkin
豆芽,legume,豆类种子发芽而成，口感清脆，分为黄豆芽、绿豆芽等，适合清炒、凉拌或做汤。,https://via.placeholder.com/150/BDB76B/000000?Text=BeanSprouts
# --- 坚果与籽类 (Nut & Seed) ---
花生,nut_seed,也称落花生，豆科植物，富含蛋白质和油脂，可生食、煮、炸、炒或制作花生酱。,https://via.placeholder.com/150/F4A460/FFFFFF?Text=Peanut
核桃,nut_seed,坚果，富含不饱和脂肪酸和多种营养，有益大脑，可生食或入馔。,https://via.placeholder.com/150/DEB887/000000?Text=Walnut
杏仁,nut_seed,杏的果仁，有甜杏仁和苦杏仁之分，可作零食、制作杏仁露或入药。,https://via.placeholder.com/150/FFDAB9/000000?Text=Almond
腰果,nut_seed,肾形坚果，香甜可口，富含油脂，可作零食或用于炒菜、制作甜点。,https://via.placeholder.com/150/FFE4B5/000000?Text=CashewNut
开心果,nut_seed,坚果，果壳裂开，果仁绿色，香气独特，常作零食。,https://via.placeholder.com/150/98FB98/000000?Text=Pistachio
夏威夷果,nut_seed,也称澳洲坚果，球形坚果，乳白色果仁，奶香味浓郁，富含油脂。,https://via.placeholder.com/150/FFF8DC/000000?Text=MacadamiaNut
板栗,nut_seed,也称栗子，淀粉含量高，口感粉糯香甜，可糖炒、炖煮或制作糕点。,https://via.placeholder.com/150/A0522D/FFFFFF?Text=Chestnut
松子,nut_seed,松树的种子，富含油脂，香气独特，可作零食或用于菜肴、糕点。,https://via.placeholder.com/150/F5DEB3/000000?Text=PineNut
瓜子,nut_seed,多种瓜类的种子，如葵花籽、西瓜子、南瓜子等，常作为休闲零食。,https://via.placeholder.com/150/D2B48C/000000?Text=MelonSeeds
芝麻,nut_seed,籽粒小而饱满，有黑白之分，富含油脂，可炒熟食用或榨油、磨酱。,https://via.placeholder.com/150/FAFAD2/000000?Text=Sesame
奇亚籽,nut_seed,小型黑色或白色籽粒，富含Omega-3和纤维，吸水膨胀，常用于制作奇亚籽布丁或加入饮品。,https://via.placeholder.com/150/DCDCDC/000000?Text=ChiaSeed
亚麻籽,nut_seed,小型棕色或黄色籽粒，富含Omega-3和木酚素，常磨碎食用或榨油。,https://via.placeholder.com/150/CD853F/FFFFFF?Text=Flaxseed
南瓜籽,nut_seed,南瓜的种子，富含锌，可炒熟作零食或用于烘焙。,https://via.placeholder.com/150/FFD700/000000?Text=PumpkinSeed
葵花籽,nut_seed,葵花的种子，最常见的瓜子之一，富含维生素E和脂肪，常炒熟作零食。,https://via.placeholder.com/150/FFFF00/000000?Text=SunflowerSeed
白芝麻,nut_seed,白色芝麻籽，炒熟后香气浓郁，常用于凉拌、烘焙或撒在菜肴表面。,https://via.placeholder.com/150/FFFFFF/000000?Text=WhiteSesame
黑芝麻,nut_seed,黑色芝麻籽，营养价值高，常用于制作黑芝麻糊、甜点或染色。,https://via.placeholder.com/150/000000/FFFFFF?Text=BlackSesame
# --- 水果类 (Fruit) ---
橙子,fruit,酸甜多汁，富含维生素C，可直接食用或榨汁。,https://via.placeholder.com/150/FFA500/FFFFFF?Text=Orange
葡萄,fruit,成串生长，品种多样，酸甜可口，可酿酒或直接食用。,https://via.placeholder.com/150/800080/FFFFFF?Text=Grape
草莓,fruit,颜色鲜红，果肉酸甜，香气浓郁，适合生食或制作甜点。,https://via.placeholder.com/150/FF69B4/FFFFFF?Text=Strawberry
蓝莓,fruit,深蓝色小浆果，富含花青素，酸甜适中，可生食、制作果酱或烘焙。,https://via.placeholder.com/150/0000FF/FFFFFF?Text=Blueberry
西瓜,fruit,夏季主要水果，水分足，甘甜爽口，清热解暑。,https://via.placeholder.com/150/32CD32/FFFFFF?Text=Watermelon
芒果,fruit,热带水果，果肉香甜多汁，气味浓郁，可生食或制作甜品。,https://via.placeholder.com/150/FFD700/000000?Text=Mango
桃子,fruit,品种多样（水蜜桃、油桃等），果肉甜美多汁，夏季常见。,https://via.placeholder.com/150/FFDAB9/000000?Text=Peach
梨,fruit,清甜多汁，有润肺止咳功效，可生食或炖煮。,https://via.placeholder.com/150/F0E68C/000000?Text=Pear
火龙果,fruit,外形独特，果肉有白心和红心，口感清甜，富含纤维。,https://via.placeholder.com/150/FF1493/FFFFFF?Text=DragonFruit
猕猴桃,fruit,也称奇异果，富含维生素C，果肉酸甜，有绿色和黄色果肉品种。,https://via.placeholder.com/150/9ACD32/FFFFFF?Text=Kiwi
菠萝,fruit,热带水果，酸甜可口，带有特殊香气，需用盐水浸泡后食用。,https://via.placeholder.com/150/FFFF00/000000?Text=Pineapple
荔枝,fruit,果肉晶莹剔透，鲜甜多汁，是夏季受欢迎的水果，不宜多食。,https://via.placeholder.com/150/FFB6C1/000000?Text=Lychee
樱桃,fruit,小巧玲珑，颜色鲜红或紫红，口感酸甜，价格较高。,https://via.placeholder.com/150/DC143C/FFFFFF?Text=Cherry
柚子,fruit,大型柑橘类水果，果肉酸甜多汁，富含维生素C，秋冬季常见。,https://via.placeholder.com/150/FFFF00/000000?Text=Pomelo
金桔,fruit,小型柑橘，可连皮食用，味道酸甜带甘，常用于制作蜜饯或泡水。,https://via.placeholder.com/150/FFA500/FFFFFF?Text=Kumquat
山楂,fruit,味酸，有助消化，常用于制作糖葫芦、果丹皮或山楂酱。,https://via.placeholder.com/150/FF0000/FFFFFF?Text=Hawthorn
石榴,fruit,果实内含多粒红色或粉色籽粒，汁多味甜，富含抗氧化物。,https://via.placeholder.com/150/DC143C/FFFFFF?Text=Pomegranate
杨桃,fruit,横切面呈星形，果肉酸甜多汁，可生食或榨汁。,https://via.placeholder.com/150/FFD700/000000?Text=StarFruit
无花果,fruit,果实柔软香甜，富含糖分和纤维，可鲜食或制成果干、果酱。,https://via.placeholder.com/150/8B008B/FFFFFF?Text=Fig
榴莲,fruit,气味浓烈独特，果肉金黄软糯，被誉为“水果之王”。,https://via.placeholder.com/150/FFFFE0/000000?Text=Durian
山竹,fruit,热带水果，果壳紫黑，果肉洁白酸甜，被誉为“水果之后”。,https://via.placeholder.com/150/4B0082/FFFFFF?Text=Mangosteen
百香果,fruit,也称鸡蛋果，酸甜浓郁，香气独特，常用于制作饮品或甜点。,https://via.placeholder.com/150/800080/FFFFFF?Text=PassionFruit
牛油果,fruit,也称鳄梨，富含健康脂肪，口感绵密，常用于沙拉、制作酱料或直接食用。,https://via.placeholder.com/150/556B2F/FFFFFF?Text=Avocado
椰子,fruit,热带水果，椰汁清甜，椰肉可食用或制作椰蓉、椰奶。,https://via.placeholder.com/150/A0522D/FFFFFF?Text=Coconut
李子,fruit,品种多样，颜色各异，口感酸甜，夏季常见水果。,https://via.placeholder.com/150/DA70D6/FFFFFF?Text=Plum
杏,fruit,果肉橙黄，味甜或酸甜，可鲜食或制成果脯、杏仁。,https://via.placeholder.com/150/FFD700/000000?Text=Apricot
柿子,fruit,秋季水果，成熟后甜糯，有硬柿和软柿之分，也可制成柿饼。,https://via.placeholder.com/150/FFA500/FFFFFF?Text=Persimmon
黑莓,fruit,深紫色浆果，富含抗氧化物，口感酸甜，可生食或制作果酱。,https://via.placeholder.com/150/2F4F4F/FFFFFF?Text=Blackberry
覆盆子,fruit,也称树莓，红色或黑色浆果，酸甜可口，常用于制作甜点或果酱。,https://via.placeholder.com/150/DC143C/FFFFFF?Text=Raspberry
# --- 谷物/主食类 (Grain) ---
糯米,grain,黏性大，常用于制作粽子、汤圆、年糕等传统食品。,https://via.placeholder.com/150/F5F5F5/000000?Text=GlutinousRice
小米,grain,黄色小颗粒谷物，营养丰富，易消化，常用于熬粥。,https://via.placeholder.com/150/FFEC8B/000000?Text=Millet
燕麦,grain,健康谷物，富含膳食纤维，可煮粥或制作燕麦片早餐。,https://via.placeholder.com/150/EDEAE0/000000?Text=Oats
意面,grain,意大利面食，种类繁多（长条、螺旋、通心粉等），搭配不同酱料。,https://via.placeholder.com/150/F4A460/FFFFFF?Text=Pasta
面包,grain,以面粉为主要原料发酵烘烤而成，是西方主食，种类多样。,https://via.placeholder.com/150/DEB887/000000?Text=Bread
馒头,grain,中式发酵面点，口感松软，是北方常见主食。,https://via.placeholder.com/150/FFF8DC/000000?Text=SteamedBun
面条,grain,用谷物或豆类的面粉加水和成面团后压或拉成的条状食品，做法多样。,https://via.placeholder.com/150/FAF0E6/000000?Text=Noodles
玉米面,grain,玉米磨成的粉，可制作窝头、玉米饼、玉米糊等粗粮食品。,https://via.placeholder.com/150/FFDAB9/000000?Text=Cornmeal
红薯,grain,也称地瓜、番薯，淀粉含量高，味甜，可蒸、烤或煮粥，也可作粗粮主食。,https://via.placeholder.com/150/FFA07A/FFFFFF?Text=SweetPotato
紫薯,grain,薯类，颜色紫黑，富含花青素，口感比红薯略干，营养价值高。,https://via.placeholder.com/150/8A2BE2/FFFFFF?Text=PurpleSweetPotato
荞麦,grain,健康谷物，富含膳食纤维和芦丁，可制作荞麦面、荞麦饭。,https://via.placeholder.com/150/D2B48C/000000?Text=Buckwheat
黑米,grain,黑色稻米，富含花青素和多种营养，常用于煮粥或制作米饭。,https://via.placeholder.com/150/2F4F4F/FFFFFF?Text=BlackRice
紫米,grain,带有天然紫色素的糯米，常用于制作甜品、八宝饭或粥。,https://via.placeholder.com/150/800080/FFFFFF?Text=PurpleGlutinousRice
高粱米,grain,粗粮，可酿酒（高粱酒）或食用，口感较粗糙。,https://via.placeholder.com/150/CD853F/FFFFFF?Text=Sorghum
薏米,grain,也称薏苡仁，有利水渗湿、健脾止泻功效，常用于煮粥或煲汤。,https://via.placeholder.com/150/F5F5DC/000000?Text=PearlBarley
青稞,grain,藏区主要粮食作物，可制作糌粑、青稞酒等。,https://via.placeholder.com/150/BDB76B/000000?Text=HighlandBarley
玉米糁,grain,玉米破碎后的小颗粒，常用于煮粥或制作糊状食品。,https://via.placeholder.com/150/FFDEAD/000000?Text=CornGrits
粉丝,grain,由绿豆、红薯等淀粉制成的细条状食品，口感爽滑，常用于炖菜、炒菜或凉拌。,https://via.placeholder.com/150/E0FFFF/000000?Text=Vermicelli
粉条,grain,比粉丝粗的淀粉制品，口感更Q弹，常用于炖菜，如猪肉炖粉条。,https://via.placeholder.com/150/F0FFF0/000000?Text=ThickVermicelli
年糕,grain,糯米或粳米制成的糕状主食，可炒、煮、烤或制作汤年糕。,https://via.placeholder.com/150/FFFFFF/000000?Text=RiceCake
# --- 香料/调料类 (Spice) ---
花椒,spice,具有麻香味的调料，是川菜的灵魂之一，能去腥增香。,https://via.placeholder.com/150/A0522D/FFFFFF?Text=SichuanPepper
八角,spice,也称大料，星形香料，气味芳香浓郁，常用于炖肉、卤味。,https://via.placeholder.com/150/8B4513/FFFFFF?Text=StarAnise
桂皮,spice,肉桂树的树皮，香味浓郁，常用于炖煮肉类、卤味或制作甜点。,https://via.placeholder.com/150/D2691E/FFFFFF?Text=Cinnamon
香叶,spice,月桂树的叶子，带有清香味，常用于炖肉、汤类、酱料中提香。,https://via.placeholder.com/150/228B22/FFFFFF?Text=BayLeaf
小茴香,spice,籽粒状香料，气味芳香，常用于炖肉、腌制或制作五香粉。,https://via.placeholder.com/150/BDB76B/000000?Text=FennelSeed
孜然,spice,也称枯茗，气味浓烈独特，是烧烤、新疆菜中常用的香料。,https://via.placeholder.com/150/CD853F/FFFFFF?Text=Cumin
辣椒粉,spice,干辣椒磨成的粉末，提供辣味，颜色鲜红，用于调味或腌制。,https://via.placeholder.com/150/FF0000/FFFFFF?Text=ChiliPowder
干辣椒,spice,新鲜辣椒晒干而成，辣度各异，常用于川菜、湘菜等爆香或炖煮。,https://via.placeholder.com/150/B22222/FFFFFF?Text=DriedChili
白胡椒粉,spice,白胡椒粒磨成的粉，辛辣味较黑胡椒柔和，常用于汤羹、腌料。,https://via.placeholder.com/150/F5F5F5/000000?Text=WhitePepper
五香粉,spice,多种香料（如八角、花椒、桂皮等）混合磨成的粉，用于腌制、炖煮。,https://via.placeholder.com/150/C4A484/000000?Text=FiveSpicePowder
咖喱粉,spice,多种香料（如姜黄、辣椒、茴香等）混合制成的调料，用于制作咖喱菜肴。,https://via.placeholder.com/150/FFDB58/000000?Text=CurryPowder
姜黄粉,spice,姜黄根茎磨成的粉，颜色金黄，是咖喱的主要成分，有特殊香气。,https://via.placeholder.com/150/FFC40C/000000?Text=Curmeric
蚝油,spice,用牡蛎熬制并配制成的调味料，味道鲜美，常用于粤菜提鲜。,https://via.placeholder.com/150/778899/FFFFFF?Text=OysterSauce
醋,spice,酸味调料，种类繁多（米醋、陈醋、白醋等），用于调味、解腻、开胃。,https://via.placeholder.com/150/D2B48C/000000?Text=Vinegar
料酒,spice,烹饪用酒，主要成分是黄酒，用于去腥增香，尤其在肉类烹饪中常用。,https://via.placeholder.com/150/F0E68C/000000?Text=CookingWine
芝麻酱,spice,炒熟的芝麻磨制成的酱，香味浓郁，常用于凉拌、火锅蘸料或制作面点。,https://via.placeholder.com/150/D1B784/000000?Text=SesamePaste
豆瓣酱,spice,蚕豆、辣椒等发酵制成的酱料，咸辣鲜香，是川菜常用调料（如郫县豆瓣）。,https://via.placeholder.com/150/800000/FFFFFF?Text=BeanPaste
番茄酱,spice,由成熟番茄制成的酱状浓缩制品，酸甜可口，常用于西餐或蘸料。,https://via.placeholder.com/150/FF6347/FFFFFF?Text=Ketchup
沙拉酱,spice,乳化型调味酱，主要成分是植物油、蛋黄和醋，用于拌沙拉或制作三明治。,https://via.placeholder.com/150/FFFACD/000000?Text=Mayonnaise
芥末,spice,由芥菜籽研磨而成，具有强烈刺激性辛辣味，常用于日料或凉拌。,https://via.placeholder.com/150/E6E6FA/000000?Text=Mustard
豆豉,spice,大豆发酵制成的调味料，风味独特，常用于制作豆豉鲮鱼、豆豉排骨等。,https://via.placeholder.com/150/000000/FFFFFF?Text=FermentedBlackBeans
鱼露,spice,鱼虾发酵提取的汁液，味道极鲜，是东南亚菜肴常用调料。,https://via.placeholder.com/150/D2691E/FFFFFF?Text=FishSauce
虾酱,spice,小虾发酵制成的酱料，气味浓烈，味道鲜咸，常用于炒菜或蘸料。,https://via.placeholder.com/150/FF7F50/FFFFFF?Text=ShrimpPaste
甜面酱,spice,面粉发酵制成的甜味酱料，常用于北京烤鸭蘸酱或制作炸酱面。,https://via.placeholder.com/150/A0522D/FFFFFF?Text=SweetBeanSauce
腐乳,spice,豆腐发酵制品，有红方、白方、青方等，风味独特，可佐餐或调味。,https://via.placeholder.com/150/CD5C5C/FFFFFF?Text=FermentedBeanCurd
XO酱,spice,源自香港的高级酱料，用多种海鲜干货、火腿、辣椒等制成，味道鲜辣。,https://via.placeholder.com/150/8B0000/FFFFFF?Text=XOSauce
沙茶酱,spice,复合调味酱，主要成分有花生、鱼虾、芝麻等，味道香浓微辣，常用于火锅或炒菜。,https://via.placeholder.com/150/B8860B/FFFFFF?Text=SataySauce
味噌,spice,日本传统调味料，大豆发酵而成，用于制作味噌汤或腌制。,https://via.placeholder.com/150/DEB887/000000?Text=MisoPaste
味醂,spice,也称米淋，日本料理中常用的甜味烹饪酒，能去腥增甜提鲜。,https://via.placeholder.com/150/F0E68C/000000?Text=Mirin
清酒,spice,日本传统米酒，可饮用或用于烹饪调味。,https://via.placeholder.com/150/ADD8E6/000000?Text=Sake
塔巴斯科辣椒酱,spice,美国产辣椒酱，酸辣开胃，常用于西餐调味。,https://via.placeholder.com/150/FF0000/FFFFFF?Text=TabascoSauce
喼汁,spice,也称伍斯特沙司，英国产酸甜微辣调味汁，常用于西餐或粤式点心蘸料。,https://via.placeholder.com/150/A52A2A/FFFFFF?Text=WorcestershireSauce
# --- 香草类 (Herb) ---
薄荷,herb,气味清凉芳香，可用于制作饮品、甜点、沙拉或作为菜肴点缀。,https://via.placeholder.com/150/98FB98/000000?Text=Mint
迷迭香,herb,带有松木和胡椒的混合香气，常用于西餐烤肉、腌料或搭配土豆。,https://via.placeholder.com/150/778899/FFFFFF?Text=Rosemary
百里香,herb,也称麝香草，香气温和，带有泥土芬芳，常用于炖煮、烤肉、汤类。,https://via.placeholder.com/150/D8BFD8/000000?Text=Thyme
欧芹,herb,也称西芹、荷兰芹，叶片卷曲或扁平，香气清新，常用于西餐装饰或调味。,https://via.placeholder.com/150/3CB371/FFFFFF?Text=Parsley
莳萝,herb,羽状叶片，带有类似茴香的清香味，常用于搭配鱼类、制作腌菜或沙拉。,https://via.placeholder.com/150/AFEEEE/000000?Text=Dill
葱,herb,中餐常用调味蔬菜，分为大葱、小葱（香葱）等，用于爆香、去腥、点缀。,https://via.placeholder.com/150/90EE90/000000?Text=Scallion
牛至,herb,也称披萨草，香气浓郁，是意大利菜和披萨中常用的香草。,https://via.placeholder.com/150/90EE90/000000?Text=Oregano
鼠尾草,herb,香气强烈，略带苦涩，常用于搭配油腻肉类或制作馅料。,https://via.placeholder.com/150/B0C4DE/000000?Text=Sage
香茅,herb,也称柠檬草，带有柠檬香气，是东南亚菜肴中常用的香料，可泡茶或入馔。,https://via.placeholder.com/150/9ACD32/FFFFFF?Text=Lemongrass
紫苏,herb,叶片紫色或绿色，香气独特，可用于搭配海鲜、制作泡菜或泡水饮用。,https://via.placeholder.com/150/8A2BE2/FFFFFF?Text=Perilla
艾草,herb,有特殊香气，常用于制作青团等传统食品，也有药用价值。,https://via.placeholder.com/150/2E8B57/FFFFFF?Text=Mugwort
# --- 油类 (Oil) ---
菜籽油,oil,由油菜籽压榨而成，是中国南方常用的烹饪油，有特殊香气。,https://via.placeholder.com/150/FFD700/000000?Text=RapeseedOil
葵花籽油,oil,由葵花籽压榨而成，颜色浅黄，气味清淡，适合各种烹饪方式。,https://via.placeholder.com/150/FFFF00/000000?Text=SunflowerOil
玉米油,oil,由玉米胚芽压榨而成，颜色金黄，烟点较高，适合煎炸和日常炒菜。,https://via.placeholder.com/150/FFDA43/000000?Text=CornOil
大豆油,oil,由大豆压榨而成，是最常见的烹饪油之一，价格经济。,https://via.placeholder.com/150/F0E68C/000000?Text=SoybeanOil
芝麻油,oil,也称香油、麻油，由芝麻压榨而成，香气浓郁，常用于凉拌、汤羹或点缀。,https://via.placeholder.com/150/DAA520/FFFFFF?Text=SesameOil
黄油（澄清）,oil,去除水分和乳固体的纯黄油脂肪，烟点更高，适合高温煎炸。,https://via.placeholder.com/150/FFEB3B/000000?Text=Ghee
猪油,oil,由猪脂肪熬制而成，香味独特，能使菜肴更香滑，中式点心也常用。,https://via.placeholder.com/150/FFF8DC/000000?Text=Lard
核桃油,oil,由核桃仁压榨而成，富含不饱和脂肪酸，适合凉拌或作为婴幼儿辅食油。,https://via.placeholder.com/150/F5DEB3/000000?Text=WalnutOil
亚麻籽油,oil,富含Omega-3脂肪酸，有特殊风味，不耐高温，适合凉拌或直接饮用。,https://via.placeholder.com/150/FFD700/000000?Text=FlaxseedOil
椰子油,oil,由椰肉提取，有浓郁椰香，固态或液态，可用于烹饪或烘焙。,https://via.placeholder.com/150/FFFFFF/000000?Text=CoconutOil
棕榈油,oil,从油棕果肉中榨取，价格低廉，广泛用于食品工业和煎炸。,https://via.placeholder.com/150/FFA500/FFFFFF?Text=PalmOil
米糠油,oil,由米糠提取，烟点较高，富含谷维素，适合各种烹饪。,https://via.placeholder.com/150/F0E68C/000000?Text=RiceBranOil
# --- 其他类 (Other) ---
酵母,other,微生物，常用于面点、面包的发酵，使面团膨松。,https://via.placeholder.com/150/F5F5DC/000000?Text=Yeast
泡打粉,other,化学膨松剂，用于快速制作蛋糕、饼干等，使其蓬松。,https://via.placeholder.com/150/FFFFFF/000000?Text=BakingPowder
小苏打,other,也称碳酸氢钠，可作膨松剂，也可用于清洁或中和酸性。,https://via.placeholder.com/150/E6E6FA/000000?Text=BakingSoda
淀粉,other,多种来源（玉米淀粉、土豆淀粉、木薯淀粉等），用于勾芡、挂糊或制作点心。,https://via.placeholder.com/150/FFF5EE/000000?Text=Starch
吉利丁,other,也称明胶，动物胶原蛋白提取物，用于制作果冻、慕斯等凝固甜点。,https://via.placeholder.com/150/FFFAF0/000000?Text=Gelatin
琼脂,other,也称寒天，植物性凝固剂，由海藻提取，用于制作果冻、羊羹等。,https://via.placeholder.com/150/F0FFF0/000000?Text=AgarAgar
枸杞,other,红色小浆果干，性温，有明目、滋补功效，常用于泡水、煲汤或粥品。,https://via.placeholder.com/150/FF6347/FFFFFF?Text=GojiBerry
红枣,other,枣的干制品，味甜，有补气养血功效，可直接食用、泡水或入饌。,https://via.placeholder.com/150/B22222/FFFFFF?Text=RedDate
冰糖,other,大块结晶糖，甜度较白砂糖低，常用于炖品、糖水或泡茶。,https://via.placeholder.com/150/ADD8E6/000000?Text=RockSugar
蜂蜜,other,蜜蜂采集花蜜酿制而成，天然甜味剂，富含多种营养，可直接食用或调饮。,https://via.placeholder.com/150/FFB90F/000000?Text=Honey
茶叶,other,茶树的叶子或芽，经加工后可泡饮，种类繁多，风味各异。,https://via.placeholder.com/150/2E8B57/FFFFFF?Text=TeaLeaves
咖啡豆,other,咖啡树的果实种子，经烘焙研磨后可冲泡成咖啡饮品。,https://via.placeholder.com/150/6F4E37/FFFFFF?Text=CoffeeBean
饮用水,other,生命之源，无色无味透明液体，烹饪和饮用都不可或缺。,https://via.placeholder.com/150/ADD8E6/0000FF?Text=Water
魔芋,other,低热量高纤维食品，本身无味，口感Q弹，常用于制作魔芋丝、魔芋豆腐等。,https://via.placeholder.com/150/D3D3D3/000000?Text=Konjac
葛根粉,other,由葛根提取的淀粉，有清热解毒功效，可冲泡成糊状食用。,https://via.placeholder.com/150/FAFAD2/000000?Text=KudzuRootPowder
芡实,other,也称鸡头米，水生植物的果实，有健脾益肾功效，常用于煲汤或煮粥。,https://via.placeholder.com/150/F5F5DC/000000?Text=EuryaleSeed
莲子,other,莲的果实，有清心安神功效，可制作甜品、煲汤或入药。,https://via.placeholder.com/150/FFF8DC/000000?Text=LotusSeed
百合,other,百合花的鳞茎，有润肺止咳功效，可制作甜品、煲汤或炒菜。,https://via.placeholder.com/150/FFF0F5/000000?Text=LilyBulb
桂圆,other,也称龙眼肉，荔枝的近亲，晒干后为桂圆干，有补益心脾功效。,https://via.placeholder.com/150/D2691E/FFFFFF?Text=Longan
话梅,other,梅子腌制加工而成，酸甜可口，生津止渴，可作零食或泡水。,https://via.placeholder.com/150/B03060/FFFFFF?Text=PreservedPlum
葡萄干,other,葡萄晒干而成，甜度高，可作零食或用于烘焙、制作沙拉。,https://via.placeholder.com/150/800000/FFFFFF?Text=Raisin
蔓越莓干,other,蔓越莓果实制成的果干，酸甜适中，富含抗氧化物，常用于烘焙或零食。,https://via.placeholder.com/150/DC143C/FFFFFF?Text=DriedCranberry
食用色素,other,用于给食物着色的添加剂，有天然色素和人工合成色素。,https://via.placeholder.com/150/FF00FF/FFFFFF?Text=FoodColoring
香草精,other,从香草豆荚中提取的浓缩香料，用于烘焙和制作甜点，提供香草风味。,https://via.placeholder.com/150/F5DEB3/000000?Text=VanillaExtract
# --- 新增的 100+ 条数据 ---
# --- 蔬菜类 (Vegetable) - 续 ---
白萝卜,vegetable,根茎类蔬菜，水分足，略带辛辣味，适合炖汤、腌制或炒食。,https://via.placeholder.com/150/FFFFFF/000000?Text=WhiteRadish
青萝卜,vegetable,颜色青绿，口感脆甜，适合生食、凉拌或腌制。,https://via.placeholder.com/150/90EE90/000000?Text=GreenRadish
心里美萝卜,vegetable,外皮绿色，内里粉红，口感脆甜多汁，适合生食凉拌。,https://via.placeholder.com/150/FF69B4/FFFFFF?Text=WatermelonRadish
圆白菜,vegetable,也称包菜、卷心菜，口感清甜脆嫩，适合手撕、清炒、煮汤或制作泡菜。,https://via.placeholder.com/150/F0FFF0/000000?Text=Cabbage
花菜,vegetable,也称菜花，富含维生素C，口感爽脆，适合清炒、干锅或凉拌。,https://via.placeholder.com/150/F5F5DC/000000?Text=Cauliflower
小番茄,fruit,小型番茄品种，酸甜度高，颜色多样，适合生食、沙拉或作为配菜。(从 vegetable 移到 fruit),https://via.placeholder.com/150/FF6347/FFFFFF?Text=CherryTomato
圣女果,fruit,特指一种常见的小番茄品种，味道甜美。(从 vegetable 移到 fruit),https://via.placeholder.com/150/FF4500/FFFFFF?Text=CherryTomato
荷兰番茄,vegetable,大型番茄，多汁，适合制作沙拉、三明治或烹饪。,https://via.placeholder.com/150/FF0000/FFFFFF?Text=BeefsteakTomato
彩椒,vegetable,颜色鲜艳（黄、红、橙），口感清甜无辣味，富含维生素C，适合生食、炒菜或烤制。,https://via.placeholder.com/150/FFFF00/000000?Text=BellPepper
尖椒,vegetable,细长型辣椒，辣度中等或偏高，常用于炒菜或烧烤。,https://via.placeholder.com/150/32CD32/FFFFFF?Text=LongChili
线椒,vegetable,细长如线，辣度较高，常用于爆炒或制作辣椒油。,https://via.placeholder.com/150/228B22/FFFFFF?Text=ThreadChili
豆角,legume,长条形豆荚，需彻底煮熟，口感脆嫩，适合干煸或炒肉。(从 vegetable 移到 legume),https://via.placeholder.com/150/6B8E23/FFFFFF?Text=YardlongBean
豇豆,legume,一种细长型豆角，口感清脆，适合炒食或腌制。(从 vegetable 移到 legume),https://via.placeholder.com/150/8FBC8F/FFFFFF?Text=Cowpea
秋黄瓜,vegetable,秋季收获的黄瓜，口感脆硬，更适合腌制或做酱菜。,https://via.placeholder.com/150/32CD32/FFFFFF?Text=AutumnCucumber
丝瓜,vegetable,夏季常见瓜果，口感软滑，适合清炒或煮汤。,https://via.placeholder.com/150/98FB98/000000?Text=Loofah
冬瓜尖,vegetable,冬瓜的嫩叶和藤蔓，口感嫩滑，常用于清炒或做汤。,https://via.placeholder.com/150/ADD8E6/000000?Text=WinterMelonTip
佛手瓜尖,vegetable,佛手瓜的嫩芽，口感嫩滑，常用于清炒。,https://via.placeholder.com/150/90EE90/000000?Text=ChayoteTip
地瓜叶,vegetable,红薯的嫩叶，富含维生素，口感嫩滑，适合清炒或做汤。,https://via.placeholder.com/150/ADFF2F/000000?Text=SweetPotatoLeaves (Duplicate, check)
马齿苋,herb,一种野生草本植物，口感滑嫩，略带酸味，有清热解毒功效，适合凉拌或做馅。(从 vegetable 移到 herb/other),https://via.placeholder.com/150/BDB76B/000000?Text=Purslane
香椿,herb,香椿树的嫩芽，带有特殊香味，春季时令蔬菜，适合炒鸡蛋或凉拌。(从 vegetable 移到 herb),https://via.placeholder.com/150/8B4513/FFFFFF?Text=ToonaSinensis
蒲公英,herb,一种野菜，略带苦味，有清热解毒功效，适合凉拌或做汤。(从 vegetable 移到 herb/other),https://via.placeholder.com/150/FFD700/000000?Text=Dandelion
榆钱,other,榆树的翅果，形状如铜钱，口感清甜软糯，春季可食用，适合蒸、拌或煮粥。(从 vegetable 移到 other),https://via.placeholder.com/150/F5F5DC/000000?Text=ElmSeed
面筋,other,面粉中的蛋白质，口感有嚼劲，可炒、烤、煮。(从 grain/vegetable 移到 other),https://via.placeholder.com/150/FFDEAD/000000?Text=Seitan
# --- 水果类 (Fruit) - 续 ---
哈密瓜,fruit,甜瓜的一种，果肉香甜多汁，夏季常见水果。,https://via.placeholder.com/150/FFA500/FFFFFF?Text=HamiMelon
香瓜,fruit,甜瓜的一种，清甜多汁，种类繁多。,https://via.placeholder.com/150/FFFFE0/000000?Text=Muskmelon
木瓜,fruit,热带水果，有青木瓜和熟木瓜，前者可作蔬菜，后者香甜软糯。,https://via.placeholder.com/150/FFDAB9/000000?Text=Papaya
火龙果花,other,火龙果树的花朵，可食用，口感滑嫩，常用于炒菜或做汤。(从 fruit 移到 other/vegetable),https://via.placeholder.com/150/DDA0DD/000000?Text=DragonFruitFlower
番石榴,fruit,也称芭乐，口感清脆或软糯，味道酸甜，富含维生素C。,https://via.placeholder.com/150/9ACD32/FFFFFF?Text=Guava
杨梅,fruit,小型红色或紫红色浆果，酸甜多汁，夏季时令水果。,https://via.placeholder.com/150/DC143C/FFFFFF?Text=Bayberry
桑葚,fruit,桑树的果实，成熟后呈紫黑色，酸甜多汁，可生食或制作果酱、泡酒。,https://via.placeholder.com/150/4B0082/FFFFFF?Text=Mulberry
红毛丹,fruit,热带水果，外壳有红色软刺，果肉白色透明，甜中带酸。,https://via.placeholder.com/150/FF0000/FFFFFF?Text=Rambutan
龙眼,fruit,也称桂圆，荔枝的近亲，果肉白色透明，甘甜多汁，不耐储存。,https://via.placeholder.com/150/CD853F/FFFFFF?Text=Longan (Duplicate with Other/桂圆) -> Keep as fruit
油桃,fruit,光滑无毛的桃子，口感脆甜，夏季常见。,https://via.placeholder.placeholder.com/150/FFDAB9/000000?Text=Nectarine
蟠桃,fruit,形状扁平的桃子，果肉甜美多汁。,https://via.placeholder.com/150/FFB6C1/000000?Text=FlatPeach
恐龙蛋李,fruit,一种李子品种，外皮青色，果肉红色，甜脆多汁。,https://via.placeholder.com/150/90EE90/000000?Text=DinosaurEggPlum
车厘子,fruit,进口的大樱桃，颜色深红，口感甜脆。,https://via.placeholder.com/150/800000/FFFFFF?Text=Cherries
树莓,fruit,也称覆盆子，红色浆果，酸甜可口，富含维生素和抗氧化物。(Duplicate with Fruit/覆盆子) -> Keep as fruit
圣女果,fruit,小型番茄品种，酸甜多汁。(Duplicate with Vegetable/圣女果),https://via.placeholder.com/150/FF4500/FFFFFF?Text=CherryTomato -> Keep as fruit
# --- 肉类 (Meat) - 续 ---
T骨牛排,meat,牛排部位之一，包含T形骨，一侧是菲力，一侧是西冷，适合煎烤。,https://via.placeholder.com/150/A52A2A/FFFFFF?Text=T-BoneSteak
菲力牛排,meat,牛里脊最嫩的部分，脂肪少，肉质细嫩，适合煎烤。,https://via.placeholder.com/150/8B0000/FFFFFF?Text=FiletMignon
西冷牛排,meat,牛外脊部分，带一点点肥边，口感有嚼劲，适合煎烤。,https://via.placeholder.com/150/B22222/FFFFFF?Text=SirloinSteak
战斧牛排,meat,带骨的肋眼牛排，形状像斧头，肉质肥美多汁，适合烤制。,https://via.placeholder.com/150/A0522D/FFFFFF?Text=TomahawkSteak
带骨猪排,meat,猪的肋骨部分，带骨，肉质鲜美，适合煎、烤、炸或红烧。,https://via.placeholder.com/150/CD853F/FFFFFF?Text=Bone-inPorkChop
鸡心,meat,鸡的心脏，口感脆韧，常用于烧烤、卤制或爆炒。(从 poultry 移到 meat?),https://via.placeholder.com/150/FF6347/FFFFFF?Text=ChickenHeart -> Keep in poultry
鸡胗,meat,鸡的胃，口感脆韧，常用于卤制、爆炒或凉拌。(从 poultry 移到 meat?),https://via.placeholder.com/150/FFA07A/FFFFFF?Text=ChickenGizzard -> Keep in poultry
鸭心,meat,鸭的心脏，口感脆韧，常用于卤制或爆炒。(从 poultry 移到 meat?),https://via.placeholder.com/150/FF7F50/FFFFFF?Text=DuckHeart -> Keep in poultry
鸭肝,meat,鸭的肝脏，口感细腻，富含铁质，可制作肥肝或用于炒菜、卤制。(从 poultry 移到 meat?),https://via.placeholder.com.com/150/8B0000/FFFFFF?Text=DuckLiver -> Keep in poultry
猪肝,meat,猪的肝脏，富含铁质，口感细腻，适合炒食或制作肝酱。,https://via.placeholder.com/150/A52A2A/FFFFFF?Text=PorkLiver
牛肚,meat,牛的胃，口感脆韧，常用于卤制、爆炒或火锅。,https://via.placeholder.com/150/DCDCDC/000000?Text=BeefTripe
猪肚,meat,猪的胃，口感脆韧，常用于卤制、煲汤或炒食。,https://via.placeholder.com/150/F5F5DC/000000?Text=PorkTripe
猪大肠,meat,猪的肠道，需清洗处理干净，口感Q韧，常用于卤制、烧烤或爆炒。,https://via.placeholder.com/150/C0C0C0/000000?Text=PorkIntestine
牛尾,meat,牛的尾巴，富含胶原蛋白，肉质带筋，适合炖汤或红烧。,https://via.placeholder.com/150/A0522D/FFFFFF?Text=Oxtail
羊蝎子,meat,羊的脊椎骨，带肉和脊髓，适合炖煮，风味浓郁。,https://via.placeholder.com/150/8B4513/FFFFFF?Text=LambSpine
火腿,meat,腌制或熏制的猪腿肉，种类繁多，风味各异，可直接食用或用于烹饪。,https://via.placeholder.com/150/FFB6C1/000000?Text=Ham
香肠（萨拉米）,meat,意大利风干香肠，常切片作为冷盘或披萨配料。,https://via.placeholder.com/150/CD5C5C/FFFFFF?Text=Salami
# --- 禽类 (Poultry) - 续 ---
鸡爪,poultry,鸡的脚，富含胶原蛋白，口感Q弹，常用于卤制、泡椒或煲汤。,https://via.placeholder.com/150/FFDAB9/000000?Text=ChickenFeet
鸭爪,poultry,鸭的脚，口感Q弹，常用于卤制、泡椒或凉拌。,https://via.placeholder.com/150/B0C4DE/000000?Text=DuckFeet
鸡翅尖,poultry,鸡翅最末端的部分，皮和骨头较多，适合卤制或烤制。,https://via.placeholder.com/150/FFA07A/FFFFFF?Text=ChickenWingTip
鸡心,poultry,鸡的心脏，口感脆韧，常用于烧烤、卤制或爆炒。,https://via.placeholder.com/150/FF6347/FFFFFF?Text=ChickenHeart
鸡胗,poultry,鸡的胃，口感脆韧，常用于卤制、爆炒或凉拌。,https://via.placeholder.com/150/FFA07A/FFFFFF?Text=ChickenGizzard
鸭心,poultry,鸭的心脏，口感脆韧，常用于卤制或爆炒。,https://via.placeholder.com/150/FF7F50/FFFFFF?Text=DuckHeart
鸭肝,poultry,鸭的肝脏，口感细腻，富含铁质，可制作肥肝或用于炒菜、卤制。,https://via.placeholder.com/150/8B0000/FFFFFF?Text=DuckLiver
# --- 海鲜类 (Seafood) - 续 ---
鳕鱼排,seafood,去骨去皮的鳕鱼肉块，方便烹饪，适合香煎、烤制或油炸。,https://via.placeholder.com/150/F8F8FF/000000?Text=CodFillet
龙虾,seafood,大型甲壳类海鲜，肉质肥美，味道鲜甜，常用于蒸、烤或制作龙虾汤。,https://via.placeholder.com/150/FF4500/FFFFFF?Text=Lobster
对虾,seafood,大型虾类，肉质紧实，味道鲜美，适合烤、蒸、炸。,https://via.placeholder.com/150/FF7F50/FFFFFF?Text=Prawn
瑶柱,seafood,扇贝的干制品，味道极鲜，常用于煲汤、炖菜或制作XO酱。,https://via.placeholder.com/150/FFF5EE/000000?Text=DriedScallop
干贝,seafood,小型贝类的干制品，味道鲜美，常用于煲汤或炖菜。(类似瑶柱),https://via.placeholder.com/150/F5FFFA/000000?Text=DriedBayScallop
鱼丸,seafood,鱼肉制成的丸子，口感Q弹，常用于火锅、汤或炖菜。,https://via.placeholder.com/150/ADD8E6/000000?Text=FishBall
虾丸,seafood,虾肉制成的丸子，口感Q弹，味道鲜美，常用于火锅、汤或炖菜。,https://via.placeholder.com.com/150/FFB6C1/000000?Text=ShrimpBall
蟹棒,seafood,模仿蟹肉风味的鱼糜制品，常用于沙拉、寿司或火锅。,https://via.placeholder.com/150/FFA07A/FFFFFF?Text=ImitationCrabMeat
海胆,seafood,棘皮动物，内部生殖腺可食用，味道鲜甜，常用于刺身或寿司。,https://via.placeholder.com/150/DAA520/FFFFFF?Text=SeaUrchin
象拔蚌,seafood,大型蛤蜊，虹管部分可食用，口感脆甜，适合刺身或清炒。,https://via.placeholder.com/150/D2B48C/000000?Text=Geoduck
# --- 菌菇 (Mushroom) - 续 ---
茶树菇,mushroom,细长管状菌菇，口感韧脆，香气独特，适合炒、炖、煲汤。,https://via.placeholder.com/150/8B4513/FFFFFF?Text=TeaTreeMushroom
香菇干,mushroom,晒干的香菇，香气更浓郁，需泡发，适合炖汤或红烧。,https://via.placeholder.com/150/A0522D/FFFFFF?Text=DriedShiitake
猴头菇,mushroom,形状独特似猴头，肉质肥厚，营养丰富，有健胃功效，适合炖煮。,https://via.placeholder.com/150/F5F5DC/000000?Text=Lion'sManeMushroom
鸡油菌,mushroom,颜色金黄，香气浓郁，口感Q弹，适合炒、炖或搭配意面。,https://via.placeholder.com/150/FFD700/000000?Text=Chanterelle
松露,mushroom,珍贵地下食用菌，香气独特浓郁，价格昂贵，常用于西餐，如黑松露、白松露。,https://via.placeholder.com/150/2F4F4F/FFFFFF?Text=Truffle
# --- 豆类 (Legume) - 续 ---
黑豆,legume,黑色豆子，有补肾功效，常用于煮粥、豆浆或制作豆豉。,https://via.placeholder.com/150/000000/FFFFFF?Text=BlackBean
白豆,legume,白色豆子，口感软糯，常用于煮汤、炖菜或制作糕点。,https://via.placeholder.com/150/FFFFFF/000000?Text=WhiteBean
红腰豆,legume,红色肾形豆子，口感粉糯，常用于沙拉、炖菜或制作罐头。,https://via.placeholder.com/150/B22222/FFFFFF?Text=KidneyBean
荷兰豆,legume,豆荚扁平，口感清甜爽脆，适合清炒或作为配菜。(Duplicate with Vegetable),https://via.placeholder.com/150/8FBC8F/FFFFFF?Text=SnowPea -> Keep as legume
甜豆,legume,豆荚饱满，豆粒大而甜，口感脆嫩，可带荚或剥粒食用。,https://via.placeholder.com/150/90EE90/000000?Text=SweetPea
花生米,nut_seed,去壳的花生仁，可生食、炒熟、炸脆或用于制作花生酱。(从 legume 移到 nut_seed),https://via.placeholder.com/150/F4A460/FFFFFF?Text=ShelledPeanut
# --- 坚果与籽类 (Nut & Seed) - 续 ---
碧根果,nut_seed,核桃的近亲，口感香甜酥脆，富含油脂，常作零食或用于烘焙。,https://via.placeholder.com/150/CD853F/FFFFFF?Text=Pecan
榛子,nut_seed,圆球形坚果，味道香甜，富含油脂，常作零食或用于制作巧克力、酱料。,https://via.placeholder.com/150/D2691E/FFFFFF?Text=Hazelnut
巴西坚果,nut_seed,大型坚果，富含硒，口感丰富，常作零食。,https://via.placeholder.com/150/A0522D/FFFFFF?Text=BrazilNut
夏威夷果仁,nut_seed,去壳的夏威夷果，口感奶香酥脆，富含健康脂肪。,https://via.placeholder.com/150/FFF8DC/000000?Text=MacadamiaNutKernel
开心果仁,nut_seed,去壳的开心果仁，绿色，香脆可口。,https://via.placeholder.com/150/98FB98/000000?Text=ShelledPistachio
松子仁,nut_seed,去壳的松子，小巧香甜，常用于烘焙或撒在菜肴上。,https://via.placeholder.com/150/F5DEB3/000000?Text=PineNutKernel
瓜子仁,nut_seed,去壳的瓜子，方便食用，常用于烘焙或制作点心。,https://via.placeholder.com/150/D2B48C/000000?Text=ShelledMelonSeed
南瓜籽仁,nut_seed,去壳的南瓜籽，绿色，可烤熟作零食或用于烘焙。,https://via.placeholder.com/150/FFD700/000000?Text=PumpkinSeedKernel
葵花籽仁,nut_seed,去壳的葵花籽，常用作烘焙原料或零食。,https://via.placeholder.com/150/FFFF00/000000?Text=SunflowerSeedKernel
奇亚籽 (白色),nut_seed,白色奇亚籽，与黑色奇亚籽营养相似，外观不同。,https://via.placeholder.com/150/FFFFFF/000000?Text=WhiteChiaSeed
芝麻酱 (白色),spice,用白芝麻制作的芝麻酱，颜色较浅，香气浓郁。(Keep spice as it's a condiment),https://via.placeholder.com/150/FAFAD2/000000?Text=WhiteSesamePaste
芝麻酱 (黑色),spice,用黑芝麻制作的芝麻酱，颜色深，味道浓郁。(Keep spice),https://via.placeholder.com/150/000000/FFFFFF?Text=BlackSesamePaste
# --- 谷物/主食类 (Grain) - 续 ---
糙米,grain,未精加工的稻米，保留米糠层，富含膳食纤维和维生素，口感略硬，更健康。,https://via.placeholder.com/150/CD853F/FFFFFF?Text=BrownRice
胚芽米,grain,去除米糠层但保留胚芽的稻米，营养价值高，口感介于白米和糙米之间。,https://via.placeholder.com/150/F0E68C/000000?Text=GermRice
玉米片,grain,玉米加工制成的薄片，常用于早餐麦片，可搭配牛奶或酸奶。,https://via.placeholder.com/150/FFD700/000000?Text=CornFlakes
吐司,grain,切成薄片的方形面包，常烤制后涂抹果酱或搭配鸡蛋培根作早餐。,https://via.placeholder.com/150/DEB887/000000?Text=Toast
法棍,grain,细长硬皮的法国面包，内部柔软，适合搭配奶酪、酱料或制作三明治。,https://via.placeholder.com/150/F5DEB3/000000?Text=Baguette
全麦面包,grain,用全麦面粉制作的面包，富含膳食纤维，颜色较深，口感略粗。,https://via.placeholder.com/150/A0522D/FFFFFF?Text=WholeWheatBread
意面（螺丝面）,grain,螺旋形状的意大利面，能很好地吸附酱汁。,https://via.placeholder.com/150/F4A460/FFFFFF?Text=FusilliPasta
意面（通心粉）,grain,管状意大利面，有斜切和直切，常用于沙拉、焗饭或搭配浓郁酱汁。,https://via.placeholder.com/150/E9967A/FFFFFF?Text=Macaroni
米粉,grain,大米制成的细条状食品，口感Q弹或顺滑，是南方常见主食。,https://via.placeholder.com/150/F0FFF0/000000?Text=RiceNoodles
河粉,grain,米粉的一种，呈扁平宽条状，口感顺滑，常用于炒河粉或汤河粉。,https://via.placeholder.com/150/F5F5DC/000000?Text=HoFun
饺子皮,grain,面粉制成的圆形薄片，用于包裹饺子馅，可煮、蒸、煎。,https://via.placeholder.com/150/FFFFFF/000000?Text=DumplingWrapper
混沌皮,grain,面粉制成的薄方形片，用于包裹混沌馅，口感更薄软。,https://via.placeholder.com/150/FAF0E6/000000?Text=WontonWrapper
手抓饼,grain,多层酥脆的葱油饼，可加热后搭配鸡蛋、培根等食用。,https://via.placeholder.com/150/DEB887/000000?Text=HandGrabCake
# --- 香料/调料类 (Spice) - 续 ---
白糖,spice,细小的白色晶体糖，最常见的食用糖，用于调味、烘焙。(Duplicate with 白砂糖) -> Keep as 白砂糖
红糖,spice,甘蔗榨汁后熬煮而成的糖，颜色红褐，带有特殊风味，有补血功效。,https://via.placeholder.com/150/A52A2A/FFFFFF?Text=BrownSugar
冰糖（单晶）,spice,小颗粒的单晶冰糖，纯度高，常用于甜品、饮品。,https://via.placeholder.com/150/ADD8E6/000000?Text=RockSugarCrystal
冰糖（多晶）,spice,大块的多晶冰糖，常用于炖煮，溶解较慢。,https://via.placeholder.com/150/B0E0E6/000000?Text=RockSugarChunk
枫糖浆,spice,枫树树液熬制而成的糖浆，味道香甜，常用于搭配薄饼、华夫饼或甜点。,https://via.placeholder.com/150/D2691E/FFFFFF?Text=MapleSyrup
蜂蜜（槐花蜜）,other,槐花蜜，颜色浅，味道清香纯甜，不易结晶。(From other/蜂蜜) -> Keep as other
蜂蜜（枣花蜜）,other,枣花蜜，颜色深，味道浓郁甘甜，易结晶。(From other/蜂蜜) -> Keep as other
蜂蜜（百花蜜）,other,多种花蜜混合而成，风味复杂。(From other/蜂蜜) -> Keep as other
黄芥末酱,spice,用芥菜籽制成的黄色酱料，味道辛辣，常用于搭配热狗、汉堡或沙拉酱。,https://via.placeholder.com/150/FFD700/000000?Text=YellowMustard
第戎芥末酱,spice,一种法式芥末酱，颜色淡黄，味道柔和带酒香，常用于制作沙拉酱、腌料。,https://via.placeholder.com/150/F0E68C/000000?Text=DijonMustard
番茄膏,spice,浓缩的番茄制品，味道更浓郁，常用于制作意面酱、炖菜。,https://via.placeholder.com/150/B22222/FFFFFF?Text=TomatoPaste
披萨草,herb,也称牛至，香气浓郁，是意大利菜和披萨中常用的香草。(Duplicate with Herb/牛至) -> Keep as herb
迷迭香干,herb,干燥的迷迭香，香气比新鲜的浓郁，适合长时间烹饪。,https://via.placeholder.com/150/778899/FFFFFF?Text=DriedRosemary
百里香干,herb,干燥的百里香，适合长时间炖煮或烤制。,https://via.placeholder.com/150/D8BFD8/000000?Text=DriedThyme
欧芹干,herb,干燥的欧芹，香气较弱，常用于调味或装饰。,https://via.placeholder.com/150/B0C4DE/000000?Text=DriedParsley
薄荷干,herb,干燥的薄荷叶，常用于泡茶或制作甜点。,https://via.placeholder.com/150/98FB98/000000?Text=DriedMint
# --- 香草类 (Herb) - 续 ---
小葱,herb,葱的一种，也称香葱，茎细叶绿，香气浓郁，常用于凉拌、撒在菜肴上或爆香。,https://via.placeholder.com/150/90EE90/000000?Text=Scallion
大葱,herb,葱的一种，茎部粗大，味道浓郁，常用于爆香、炖煮或作为配菜。,https://via.placeholder.com/150/ADD8E6/000000?Text=GreenOnion
生姜片,spice,切片的生姜，方便炖煮或泡茶。(From spice/生姜),https://via.placeholder.com/150/D2B48C/FFFFFF?Text=GingerSlices
蒜末,herb,切碎的大蒜，香气强烈，常用于爆香或制作酱料。(From herb/大蒜),https://via.placeholder.com/150/F5F5F5/000000?Text=MincedGarlic
姜末,spice,切碎的生姜，方便快速使用，用于腌制或炒菜。(From spice/生姜),https://via.placeholder.com/150/D2B48C/FFFFFF?Text=MincedGinger
干香菜,herb,干燥的香菜，香气较弱，可用于调味或装饰。(From herb/香菜),https://via.placeholder.com/150/228B22/FFFFFF?Text=DriedCilantro
# --- 油类 (Oil) - 续 ---
猪油（熬制）,oil,通过熬煮猪板油得到的猪油，常用于炒菜或制作酥皮。(Duplicate with Oil/猪油) -> Keep as oil
牛油,oil,牛脂肪熬制而成的油，香味浓郁，常用于火锅底料或炒菜。,https://via.placeholder.com/150/CD853F/FFFFFF?Text=BeefTallow
鸡油,oil,鸡脂肪熬制而成的油，香味独特，常用于制作鸡汤或面条。,https://via.placeholder.com/150/FFD700/000000?Text=ChickenFat
色拉油,oil,混合植物油，风味清淡，用途广泛，适合炒菜、油炸、凉拌。(通用名称),https://via.placeholder.com/150/F0E68C/000000?Text=SaladOil
玉米胚芽油,oil,从玉米胚芽提取的油，富含维生素E，适合烹饪。(Duplicate with Oil/玉米油),https://via.placeholder.com/150/FFDA43/000000?Text=CornGermOil
# --- 其他类 (Other) - 续 ---
酵母粉,other,干燥的酵母粉，用于发酵面团，制作面包、馒头等。(Duplicate with Other/酵母),https://via.placeholder.com/150/F5F5DC/000000?Text=DryYeast
泡打粉（双效）,other,遇水和遇热两次膨胀的泡打粉，效果更好，常用于烘焙。,https://via.placeholder.com/150/FFFFFF/000000?Text=DoubleActingBakingPowder
明胶片,other,片状的明胶，需泡软后加热溶解使用，用于制作甜点凝固剂。(From other/吉利丁),https://via.placeholder.com/150/FFFAF0/000000?Text=GelatinSheet
鱼胶粉,other,鱼皮或鱼骨提取的胶原蛋白粉，类似明胶，用于制作甜点凝固剂。,https://via.placeholder.com/150/E0FFFF/000000?Text=FishGelatin
卡拉胶,other,从红藻提取的亲水性胶体，用作增稠剂、稳定剂，广泛用于食品工业。,https://via.placeholder.com/150/B0C4DE/000000?Text=Carrageenan
黄原胶,other,微生物发酵产生的多糖，用作增稠剂、稳定剂，在无麸质烘焙中也常用。,https://via.placeholder.com/150/FFDEAD/000000?Text=XanthanGum
瓜尔胶,other,从瓜尔豆提取的多糖，用作增稠剂、稳定剂，常用于冰淇淋、酱料。,https://via.placeholder.com/150/F4A460/FFFFFF?Text=GuarGum
大菜糕,other,也称凉粉草，植物胶质，用于制作凉粉、烧仙草等甜品。(类似琼脂),https://via.placeholder.com/150/ADFF2F/000000?Text=GrassJelly
龟苓膏粉,other,多种中草药和龟板熬制后提取物制成的粉末，有清热功效，冲泡后凝固成膏状。,https://via.placeholder.com/150/8B4513/FFFFFF?Text=GuilinggaoPowder
仙草粉,other,由仙草（一种植物）制成的粉末，冲泡后凝固成膏状，常用于制作烧仙草甜品。,https://via.placeholder.com/150/3CB371/FFFFFF?Text=MesonaPowder
白凉粉,other,一种用淀粉等制成的粉末，冲泡后凝固成白色透明的凉粉。,https://via.placeholder.com/150/F0FFF0/000000?Text=WhiteJellyPowder
藕粉,other,由莲藕制成的淀粉，有养胃功效，冲泡后呈透明糊状。,https://via.placeholder.com/150/FFC0CB/000000?Text=LotusRootStarch
荸荠粉,other,由荸荠制成的淀粉，口感清脆，可用于勾芡或制作甜点。,https://via.placeholder.com/150/FFFACD/000000?Text=WaterChestnutStarch
蕨根粉,other,由蕨类植物根茎制成的淀粉，口感Q弹滑爽，常用于制作蕨根粉条或凉粉。,https://via.placeholder.com/150/A0522D/FFFFFF?Text=FernRootStarch
葛粉,other,由葛根制成的淀粉。(Duplicate with other/葛根粉),https://via.placeholder.com/150/FAFAD2/000000?Text=KudzuPowder
冰粉粉,other,一种用植物提取物制成的粉末，冲泡后凝固，口感冰凉滑嫩，常用于制作冰粉甜品。,https://via.placeholder.com/150/ADD8E6/000000?Text=BingfenPowder